dreamer/harmony1,dreamer/melody2,dreamer/melody2,dreamer/perc1,dreamer/perc1
fbz/melody2,fbz/perc1,fbz/harmony1
lofi/harmony3,lofi/harmony2,lofi/melody,lofi/melody,lofi/harmony1
slz/bass,slz/bass,slz/melody1,slz/melody1,slz/melody1
theheights/melody1,theheights/melody1,misc/silence,theheights/melody1,misc/silence,theheights/melody1,misc/silence